,HFD,SCD
HFD,0.0,5.810312584242538
SCD,5.810312584242538,0.0
