{
  "groups": {
    "all_groups": [
      "SCD",
      "HFD",
      "KD",
      "WD"
    ],
    "baseline": "SCD",
    "sample_counts": {
      "SCD": 37,
      "HFD": 38,
      "KD": 12,
      "WD": 12
    }
  },
  "rna_seq": {
    "file": "data/GSEMERGED_SCD_HFD_KD_WD_gene_expression.csv",
    "total_genes": 50771,
    "genes_with_expr": 12509
  },
  "parameters": {
    "aggregate": false,
    "eflux_quantile": 0.95,
    "eflux_floor": 0.1,
    "eflux_cap": 1000.0,
    "diet_bounds_json": "data/expanded_diet_bounds_flat.json",
    "diet_bounds_units": "model",
    "mw_table": null,
    "gDW": 1.0,
    "hours_per_day": 24.0,
    "test_type": "mann-whitney",
    "objective_id": "BIOMASS_mm_1_no_glygln",
    "objective_regex": null,
    "objective_sense": "max",
    "transporter_strategy": "either",
    "transporter_regex": null,
    "transporter_subsystem_regex": null,
    "no_fva": true
  },
  "per_group": {
    "SCD": {
      "samples": 37,
      "objective_values": [
        0.06385198948777839,
        0.06668423132349949,
        0.060936898719346426,
        0.06752065391203634,
        0.06697195161073229,
        0.06794975379827377,
        0.0707875013697436,
        0.06848721925761099,
        0.06956336986357826,
        0.06975360931968459,
        0.06709252007664744,
        0.06854664324192525,
        0.06735604454474639,
        0.06912607849893966,
        0.06941537739705878,
        0.06858903423423256,
        0.06862874314127086,
        0.06832731421227299,
        0.06693091145013048,
        0.06809520012368796,
        0.06726735722150515,
        0.06907713872511884,
        0.06737680943090556,
        0.06751348201019484,
        0.03843710236347188,
        0.043148117698488725,
        0.040379796359439606,
        0.03649267335610238,
        0.016744692125414868,
        0.027704813927879633,
        0.0339237406215321,
        0.031173116720131077,
        0.046448933844952564,
        0.043511786884625266,
        0.04659791537069875,
        0.053115640861121985,
        0.053306458936796135
      ],
      "objective_mean": 0.057752287082204756,
      "objective_std": 0.014870791927522274,
      "rxns_constrained_unique_L2": 276,
      "rxns_constrained_unique_L3": 1904,
      "genes_mapped_unique": 1332
    },
    "HFD": {
      "samples": 38,
      "objective_values": [
        0.06745103699895072,
        0.06587400692415775,
        0.06724998422536405,
        0.06891086233935406,
        0.06657386389676881,
        0.06179063046531773,
        0.06692612953049769,
        0.06705761675351658,
        0.06647717271677064,
        0.06637970675047804,
        0.06748544624752395,
        0.0671750958058084,
        0.06727403677676327,
        0.06706903228338502,
        0.06822419394397726,
        0.06733349992328243,
        0.06556718629922198,
        0.0672445155355644,
        0.0677467364187357,
        0.06629521668285554,
        0.06607732793958314,
        0.06557344339250754,
        0.0666782487198661,
        0.06771203372396116,
        0.0652941592174557,
        0.06818731853552931,
        0.010789738512569418,
        0.014436554277333591,
        0.01575938436796739,
        0.013709375180491264,
        0.007120782716436195,
        0.009388683232018092,
        0.007120782716436193,
        0.03443783767989664,
        0.027910135753522927,
        0.02308809718468754,
        0.035682438976353426,
        0.030202910740148782
      ],
      "objective_mean": 0.0517177690364489,
      "objective_std": 0.022884624262313902,
      "rxns_constrained_unique_L2": 276,
      "rxns_constrained_unique_L3": 1904,
      "genes_mapped_unique": 1332
    },
    "KD": {
      "samples": 12,
      "objective_values": [
        0.06514601444670352,
        0.0647414310563906,
        0.06358446834748846,
        0.0633777702282389,
        0.06523406111055824,
        0.0674967173749908,
        0.06694118105687209,
        0.021440711562794312,
        0.025525877442465685,
        0.03403538019988202,
        0.03029763769481593,
        0.012345396330731662
      ],
      "objective_mean": 0.04834722057099435,
      "objective_std": 0.020571392410258137,
      "rxns_constrained_unique_L2": 274,
      "rxns_constrained_unique_L3": 1891,
      "genes_mapped_unique": 1302
    },
    "WD": {
      "samples": 12,
      "objective_values": [
        0.06816935222273647,
        0.0679230341884848,
        0.06787811621571274,
        0.07068781023773028,
        0.0681646315577115,
        0.06791238098419704,
        0.0681943034751623,
        0.0684771568346958,
        0.06737187848209324,
        0.06831250405612929,
        0.06845933774346878,
        0.06894481459281379
      ],
      "objective_mean": 0.06837461004924467,
      "objective_std": 0.0007898241104444418,
      "rxns_constrained_unique_L2": 251,
      "rxns_constrained_unique_L3": 1810,
      "genes_mapped_unique": 1164
    }
  },
  "global": {},
  "outputs": {
    "flux_comparison_csv": "Processing_outputs/Step_1_RQ1/batch_corrected/flux_analysis/reaction_flux_comparison_extended.csv",
    "pca_png": "Processing_outputs/Step_1_RQ1/batch_corrected/flux_analysis/flux_pca.png",
    "pairwise_stats_csv": "Processing_outputs/Step_1_RQ1/batch_corrected/stats_comparison/flux_pairwise_stats.csv",
    "distance_matrix_csv": "Processing_outputs/Step_1_RQ1/batch_corrected/stats_comparison/flux_global_distance_matrix.csv",
    "rank_product_csv": "Processing_outputs/Step_1_RQ1/batch_corrected/rank_product.csv",
    "cytoscape_edge_dir": "Processing_outputs/Step_1_RQ1/batch_corrected/cytoscape_edges"
  },
  "model": {
    "num_reactions": 3726,
    "num_metabolites": 2775,
    "num_genes": 1375,
    "objective_id": "BIOMASS_mm_1_no_glygln",
    "objective_name": "7f1b177a-5806-11f1-bc51-00155d882eb0",
    "solver": "optlang.gurobi_interface"
  }
}