Group,Contribution_Percent
Structural,67.46488128312448
Immune,25.50743041043698
Metabolic,7.02768830643852
