Group,Contribution_Percent
Endothelial,53.79475752132553
Myeloid,22.68084892982369
Mesenchymal,14.328058844404035
Epithelial,7.046665609078125
Lymphoid,2.1496690953686244
