Group,Contribution_Percent
Sinusoidal,74.78339406609048
Circulating,18.1699403248314
Portal,4.833578037836092
Parenchymal,2.2130875712420335
