,HFD,SCD
HFD,0.0,5.037176946833983
SCD,5.037176946833983,0.0
