,HFD,SCD
HFD,0.0,5.504553648478565
SCD,5.504553648478565,0.0
