,HFD,SCD
HFD,0.0,5.892255339447351
SCD,5.892255339447351,0.0
