,HFD,SCD
HFD,0.0,7.801520729753844
SCD,7.801520729753844,0.0
