,HFD,SCD
HFD,0.0,4.039391355616358
SCD,4.039391355616358,0.0
