,HFD,SCD
HFD,0.0,6.154664077763328
SCD,6.154664077763328,0.0
