,HFD,SCD
HFD,0.0,4.333891350600176
SCD,4.333891350600176,0.0
