,HFD,SCD
HFD,0.0,6.276117023433134
SCD,6.276117023433134,0.0
